{
    "music_volume": 0.3699999999999999,
    "sfx_volume": 0.3899999999999999
}